{"version":"0.01","vseMetadata":{"cameraSettings":{"position":{"x":2.08917140960693,"y":30,"z":-65.2905426025391},"rotation":{"x":90,"y":3.00000262260437,"z":0}}},"map":{"id":"ba9a8458-6d39-45d6-b239-33ae31f32dc1","name":"MyMap","parameterType":"map"},"agents":[{"uid":"fef6b037-b594-4c98-ac87-48a45e2885da","variant":"BoxTruck","type":2,"parameterType":"","transform":{"position":{"x":-9.68861484527588,"y":0,"z":-60.7152328491211},"rotation":{"x":0,"y":90.8287200927734,"z":0}},"behaviour":{"name":"NPCDrunkDriverBehaviour","parameters":{"isLaneChange":false,"maxSpeed":0}},"color":{"r":0.943396210670471,"g":0.943396210670471,"b":0.943396210670471},"waypoints":[{"ordinalNumber":0,"position":{"x":12.6560373306274,"y":0,"z":-61.1379852294922},"angle":{"x":0,"y":241.479385375977,"z":0},"waitTime":0,"speed":6,"trigger":{"effectors":[]}},{"ordinalNumber":1,"position":{"x":-12.927300453186,"y":0,"z":-75.0405349731445},"angle":{"x":0,"y":91.8215942382813,"z":0},"waitTime":0,"speed":6,"trigger":{"effectors":[]}},{"ordinalNumber":2,"position":{"x":12.4161367416382,"y":0,"z":-75.8465423583984},"angle":{"x":0,"y":91.8215942382813,"z":0},"waitTime":0,"speed":6,"trigger":{"effectors":[]}}]}],"controllables":[]}